DEPAR,PROV,DISTRITO,OFICINA,NODO,Descripcion,Nombre OLT,TIPO PLANTA,PROVEEDOR,Cod_OLT,OLT_ALIAS_x,OLT_ALIAS_y,value
CAJAMARCA,CUTERVO,CUTERVO,CAJ,BH,CUTERVO,OLT_MA5800_CUTERVO_8,,HUAWEI,H040,OLT_MA5800_CUTERVO_8,OLT_MA5800_CUTERVO_8,1837.0
LIMA,LIMA,LINCE,LIM,EC,EL CERCADO,OLT_MA5800_EL_CERCADO_19,EDIFICIO,HUAWEI,H022,OLT_MA5800_EL_CERCADO_19,OLT_MA5800_EL_CERCADO_19,28.0
LIMA,LIMA,ATE VITARTE,LIM,PI,EL PINO,OLT_MA5800_EL_PINO_2,EDIFICIO,HUAWEI,H103,OLT_MA5800_EL_PINO_2,OLT_MA5800_EL_PINO_2,3.0
LIMA,LIMA,COMAS,LIM,ER,EL RETABLO,OLT_MA5800_EL_RETABLO_21,EDIFICIO,HUAWEI,H019,OLT_MA5800_EL_RETABLO_21,OLT_MA5800_EL_RETABLO_21,591.0
LIMA,LIMA,SANTIAGO DE SURCO,LIM,HI,HIGUERETA,OLT_MA5800_HIGUERETA_39,EDIFICIO,HUAWEI,H077,OLT_MA5800_HIGUERETA_39,OLT_MA5800_HIGUERETA_39,4956.0
LIMA,LIMA,SANTIAGO DE SURCO,LIM,HI,HIGUERETA,OLT_MA5800_HIGUERETA_41_F1,Overlay,HUAWEI,H108,OLT_MA5800_HIGUERETA_41_F1,OLT_MA5800_HIGUERETA_41_F1,4485.0
LIMA,LIMA,SANTIAGO DE SURCO,LIM,HI,HIGUERETA,OLT_MA5800_HIGUERETA_41_F2,Overlay,HUAWEI,H118,,,
LIMA,LIMA,SAN BORJA,LIM,HI,CHACARILLA,OLT_MA5800_HIGUERETA_CQ_40_F1,Overlay,HUAWEI,H076,OLT_MA5800_HIGUERETA_CQ_40_F1,OLT_MA5800_HIGUERETA_CQ_40_F1,4619.0
LIMA,LIMA,SANTIAGO DE SURCO,LIM,HI,HIGUERETA,OLT_MA5800_HIGUERETA_CQ_40_F2,Overlay,HUAWEI,H115,OLT_MA5800_HIGUERETA_CQ_40_F2,OLT_MA5800_HIGUERETA_CQ_40_F2,7261.0
LIMA,HUAURA,HUACHO,LIM,GH,HUACHO,OLT_MA5800_HUACHO_45,,HUAWEI,H025,OLT_MA5800_HUACHO_45,OLT_MA5800_HUACHO_45,11659.0
HUANUCO,HUANUCO,HUANUCO,HNC,GN,HUANUCO,OLT_MA5800_HUANUCO_50,,HUAWEI,H045,OLT_MA5800_HUANUCO_50,OLT_MA5800_HUANUCO_50,7972.0
LIMA,HUARAL,HUARAL,LIM,GL,HUARAL,OLT_MA5800_HUARAL_30,,HUAWEI,H027,OLT_MA5800_HUARAL_30,OLT_MA5800_HUARAL_30,4227.0
ANCASH,HUARAZ,HUARAZ,CTE,GR,HUARAZ,OLT_MA5800_HUARAZ_40,,HUAWEI,H032,OLT_MA5800_HUARAZ_40,OLT_MA5800_HUARAZ_40,11032.0
LIMA,HUAURA,HUAURA,LIM,DX,HUAURA,OLT_MA5800_HUAURA_9,,HUAWEI,H024,OLT_MA5800_HUAURA_9,OLT_MA5800_HUAURA_9,2170.0
PUNO,EL COLLAO,ILAVE,PUN,EJ,ILAVE,OLT_MA5800_ILAVE_4,,HUAWEI,H063,OLT_MA5800_ILAVE_4,OLT_MA5800_ILAVE_4,1002.0
MOQUEGUA,ILO,ILO,MOQ,GQ,ILO,OLT_MA5800_ILO_18,,HUAWEI,H053,OLT_MA5800_ILO_18,OLT_MA5800_ILO_18,3024.0
LIMA,CAÃƒâ€˜ETE,IMPERIAL,LIM,HZ,IMPERIAL,OLT_MA5800_IMPERIAL_8,,HUAWEI,H031,OLT_MA5800_IMPERIAL_8,OLT_MA5800_IMPERIAL_8,3171.0
CAJAMARCA,JAEN,JAEN,CAJ,GD,JAEN,OLT_MA5800_JAEN_17,,HUAWEI,H038,OLT_MA5800_JAEN_17,OLT_MA5800_JAEN_17,4708.0
LIMA,LIMA,LA MOLINA,LIM,LM,LA MOLINA,OLT_MA5800_LA_MOLINA_21,,HUAWEI,H091,OLT_MA5800_LA_MOLINA_21,OLT_MA5800_LA_MOLINA_21,374.0
LIMA,LIMA,LA MOLINA,LIM,LM,LA MOLINA,OLT_MA5800_LA_MOLINA_22_F1,,HUAWEI,H092,OLT_MA5800_LA_MOLINA_22_F1,OLT_MA5800_LA_MOLINA_22_F1,7083.0
LIMA,LIMA,LA VICTORIA,LIM,LV,LA VICTORIA,OLT_MA5800_LA_VICTORIA_42,,HUAWEI,H021,,,
LIMA,LIMA,SANTIAGO DE SURCO,LIM,LC,LAS CASUARINAS,OLT_MA5800_LAS_CASUARINAS_7,EDIFICIO,HUAWEI,H004,OLT_MA5800_LAS_CASUARINAS_7,OLT_MA5800_LAS_CASUARINAS_7,350.0
LA LIBERTAD,TRUJILLO,TRUJILLO,TRU,T3,LAS FLORES,OLT_MA5800_LAS_FLORES_3,,HUAWEI,H049,OLT_MA5800_LAS_FLORES_3,OLT_MA5800_LAS_FLORES_3,312.0
LIMA,LIMA,SANTIAGO DE SURCO,LIM,LG,LAS GARDENIAS,OLT_MA5800_LAS_GARDENIAS_13,,HUAWEI,H006,OLT_MA5800_LAS_GARDENIAS_13,OLT_MA5800_LAS_GARDENIAS_13,440.0
LIMA,LIMA,LA MOLINA,LIM,LL,LAS LAGUNAS,OLT_MA5800_LAS_LAGUNAS_17,,HUAWEI,H093,OLT_MA5800_LAS_LAGUNAS_17,OLT_MA5800_LAS_LAGUNAS_17,200.0
LIMA,LIMA,LA MOLINA,LIM,LL,LAS LAGUNAS,OLT_MA5800_LAS_LAGUNAS_18_F1,,HUAWEI,H094,OLT_MA5800_LAS_LAGUNAS_18_F1,OLT_MA5800_LAS_LAGUNAS_18_F1,4006.0
LIMA,LIMA,LINCE,LIM,LI,LINCE,OLT_MA5800_LINCE_31,,HUAWEI,H007,OLT_MA5800_LINCE_31,OLT_MA5800_LINCE_31,3009.0
LIMA,LIMA,EL AGUSTINO,LIM,LF,LOS FICUS,OLT_MA5800_LOS_FICUS_23,,HUAWEI,H005,OLT_MA5800_LOS_FICUS_23,OLT_MA5800_LOS_FICUS_23,601.0
LIMA,LIMA,LOS OLIVOS,LIM,LO,LOS OLIVOS,OLT_MA5800_LOS_OLIVOS_47,,HUAWEI,H008,OLT_MA5800_LOS_OLIVOS_47,OLT_MA5800_LOS_OLIVOS_47,89.0
PIURA,TALARA,LOS ORGANOS,PIU,TO,LOS ORGANOS,OLT_MA5800_LOS_ORGANOS_3,,HUAWEI,H060,OLT_MA5800_LOS_ORGANOS_3,OLT_MA5800_LOS_ORGANOS_3,734.0
LIMA,LIMA,LURIN,LIM,LU,LURIN,OLT_MA5800_LURIN_11,,HUAWEI,H109,OLT_MA5800_LURIN_11,OLT_MA5800_LURIN_11,3.0
LIMA,LIMA,SAN MIGUEL,LIM,MC,MACARENA,OLT_MA5800_MACARENA_4,,HUAWEI,H014,OLT_MA5800_MACARENA_4,OLT_MA5800_MACARENA_4,531.0
LIMA,LIMA,MAGDALENA,LIM,MA,MAGDALENA,OLT_MA5800_MAGDALENA_49,EDIFICIO,HUAWEI,H078,OLT_MA5800_MAGDALENA_49,OLT_MA5800_MAGDALENA_49,4438.0
LIMA,LIMA,MAGDALENA,LIM,MA,MAGDALENA,OLT_MA5800_MAGDALENA_50_F1,Overlay,HUAWEI,H079,OLT_MA5800_MAGDALENA_50_F1,OLT_MA5800_MAGDALENA_50_F1,7231.0
LIMA,LIMA,MAGDALENA,LIM,MA,MAGDALENA,OLT_MA5800_MAGDALENA_51,EDIFICIO,HUAWEI,H102,OLT_MA5800_MAGDALENA_51,OLT_MA5800_MAGDALENA_51,5017.0
PIURA,TALARA,MANCORA,PIU,TJ,MANCORA,OLT_MA5800_MANCORA_8,,HUAWEI,H059,OLT_MA5800_MANCORA_8,OLT_MA5800_MANCORA_8,1002.0
LIMA,LIMA,MIRAFLORES,LIM,MI,MIRAFLORES,OLT_MA5800_MIRAFLORES_66,EDIFICIO,HUAWEI,H080,OLT_MA5800_MIRAFLORES_66,OLT_MA5800_MIRAFLORES_66,1801.0
LIMA,LIMA,MIRAFLORES,LIM,MI,MIRAFLORES,OLT_MA5800_MIRAFLORES_67,,HUAWEI,H081,OLT_MA5800_MIRAFLORES_67,OLT_MA5800_MIRAFLORES_67,1292.0
LIMA,LIMA,MIRAFLORES,LIM,MI,MIRAFLORES,OLT_MA5800_MIRAFLORES_68_F1,Overlay,HUAWEI,H111,OLT_MA5800_MIRAFLORES_68_F1,OLT_MA5800_MIRAFLORES_68_F1,895.0
LIMA,LIMA,SANTIAGO DE SURCO,LIM,MO,MONTERRICO,OLT_MA5800_MONTERRICO_53,,HUAWEI,H083,OLT_MA5800_MONTERRICO_53,OLT_MA5800_MONTERRICO_53,2755.0
LIMA,LIMA,SANTIAGO DE SURCO,LIM,MO,MONTERRICO,OLT_MA5800_MONTERRICO_55_F1,Overlay,HUAWEI,H113,OLT_MA5800_MONTERRICO_55_F1,OLT_MA5800_MONTERRICO_55_F1,893.0
LIMA,LIMA,SANTIAGO DE SURCO,LIM,MO,LAS CASUARINAS,OLT_MA5800_MONTERRICO_LC_54_F1,,HUAWEI,H082,OLT_MA5800_MONTERRICO_LC_54_F1,OLT_MA5800_MONTERRICO_LC_54_F1,5189.0
SAN MARTIN,RIOJA,NUEVA CAJAMARCA,SMT,EV,NUEVO CAJAMARCA,OLT_MA5800_NUEVA_CAJAMARCA_4,,HUAWEI,H067,OLT_MA5800_NUEVA_CAJAMARCA_4,OLT_MA5800_NUEVA_CAJAMARCA_4,1060.0
LA LIBERTAD,ASCOPE,PAIJAN,TRU,DP,PAIJAN,OLT_MA5800_PAIJAN_5,,HUAWEI,H048,OLT_MA5800_PAIJAN_5,OLT_MA5800_PAIJAN_5,1718.0
PIURA,PAITA,PAITA,PIU,G8,PAITA,OLT_MA5800_PAITA_12,,HUAWEI,H054,OLT_MA5800_PAITA_12,OLT_MA5800_PAITA_12,1972.0
MOQUEGUA,ILO,ILO,MOQ,GO,PAMPA INALAMBRICA,OLT_MA5800_PAMPAINALAMBRICA_13,,HUAWEI,H052,OLT_MA5800_PAMPAINALAMBRICA_13,OLT_MA5800_PAMPAINALAMBRICA_13,2387.0
LIMA,BARRANCA,PARAMONGA,LIM,HJ,PARAMONGA,OLT_MA5800_PARAMONGA_7,,HUAWEI,H028,OLT_MA5800_PARAMONGA_7,OLT_MA5800_PARAMONGA_7,3245.0
LIMA,BARRANCA,PATIVILCA,LIM,HK,PATIVILCA,OLT_MA5800_PATIVILCA_5,,HUAWEI,H029,OLT_MA5800_PATIVILCA_5,OLT_MA5800_PATIVILCA_5,526.0
PIURA,PIURA,PIURA,PIU,P3,PIURA CENTRO,OLT_MA5800_PIURA_59,,HUAWEI,H062,OLT_MA5800_PIURA_59,OLT_MA5800_PIURA_59,151.0
UCAYALI,CORONEL PORTILLO,PUCALLPA,UCA,PJ,PUCALLPA,OLT_MA5800_PUCALLPA_52_F2,,HUAWEI,H099,OLT_MA5800_PUCALLPA_52_F2,OLT_MA5800_PUCALLPA_52_F2,6985.0
LIMA,LIMA,PUENTE PIEDRA,LIM,PP,PUENTE PIEDRA,OLT_MA5800_PUENTE_PIEDRA_3,,HUAWEI,H020,OLT_MA5800_PUENTE_PIEDRA_3,OLT_MA5800_PUENTE_PIEDRA_3,140.0
LIMA,CAÃƒâ€˜ETE,CHILCA,LIM,CL,CHILCA,OLT_MA5800_PUERTO_NUEVO_CL_1_F1,Overlay,HUAWEI,H110,,,
PUNO,PUNO,PUNO,PUN,UP,PUNO,OLT_MA5800_PUNO_47,,HUAWEI,H101,OLT_MA5800_PUNO_47,OLT_MA5800_PUNO_47,3955.0
PIURA,SULLANA,QUERECOTILLO,PIU,EH,QUERECOTILLO,OLT_MA5800_QUERECOTILLO_4,,HUAWEI,H061,OLT_MA5800_QUERECOTILLO_4,OLT_MA5800_QUERECOTILLO_4,1103.0
CUSCO,LA CONVENCION,QUILLABAMBA,CUS,EZ,QUILLABAMBA,OLT_MA5800_QUILLABAMBA_7,,HUAWEI,H041,OLT_MA5800_QUILLABAMBA_7,OLT_MA5800_QUILLABAMBA_7,1917.0
LIMA,LIMA,RIMAC,LIM,RI,RIMAC,OLT_MA5800_RIMAC_3,EDIFICIO,HUAWEI,H105,OLT_MA5800_RIMAC_3,OLT_MA5800_RIMAC_3,751.0
SAN MARTIN,RIOJA,RIOJA,SMT,EU,RIOJA,OLT_MA5800_RIOJA_5,,HUAWEI,H066,OLT_MA5800_RIOJA_5,OLT_MA5800_RIOJA_5,2228.0
LIMA,LIMA,SANTIAGO DE SURCO,LIM,SG,SAGITARIO,OLT_MA5800_SAGITARIO_10,,HUAWEI,H010,OLT_MA5800_SAGITARIO_10,OLT_MA5800_SAGITARIO_10,1378.0
LIMA,LIMA,SAN BORJA,LIM,SB,SAN BORJA,OLT_MA5800_SAN_BORJA_38,,HUAWEI,H084,OLT_MA5800_SAN_BORJA_38,OLT_MA5800_SAN_BORJA_38,2383.0
LIMA,LIMA,SAN BORJA,LIM,SB,SAN BORJA,OLT_MA5800_SAN_BORJA_39_F1,,HUAWEI,H085,OLT_MA5800_SAN_BORJA_39_F1,OLT_MA5800_SAN_BORJA_39_F1,8347.0
LIMA,LIMA,SAN BORJA,LIM,SB,SAN BORJA,OLT_MA5800_SAN_BORJA_39_F2,,HUAWEI,H086,OLT_MA5800_SAN_BORJA_39_F2,OLT_MA5800_SAN_BORJA_39_F2,4480.0
LIMA,LIMA,SAN BORJA,LIM,SB,SAN BORJA,OLT_MA5800_SAN_BORJA_40,,HUAWEI,H107,OLT_MA5800_SAN_BORJA_40,OLT_MA5800_SAN_BORJA_40,3121.0
LIMA,LIMA,SAN BORJA,LIM,SB,SAN BORJA,OLT_MA5800_SAN_BORJA_41_F1,Overlay,HUAWEI,H116,OLT_MA5800_SAN_BORJA_41_F1,OLT_MA5800_SAN_BORJA_41_F1,268.0
LIMA,LIMA,SAN ISIDRO,LIM,SI,SAN ISIDRO,OLT_MA5800_SAN_ISIDRO_44_F1,,HUAWEI,H088,OLT_MA5800_SAN_ISIDRO_44_F1,OLT_MA5800_SAN_ISIDRO_44_F1,4510.0
LIMA,LIMA,SAN ISIDRO,LIM,SI,SAN ISIDRO,OLT_MA5800_SAN_ISIDRO_44_F2,,HUAWEI,H089,OLT_MA5800_SAN_ISIDRO_44_F2,OLT_MA5800_SAN_ISIDRO_44_F2,4040.0
LIMA,LIMA,SAN ISIDRO,LIM,SI,SAN ISIDRO,OLT_MA5800_SAN_ISIDRO_46,,HUAWEI,H090,OLT_MA5800_SAN_ISIDRO_46,OLT_MA5800_SAN_ISIDRO_46,4118.0
LIMA,LIMA,SAN ISIDRO,LIM,SI,SAN ISIDRO,OLT_MA5800_SAN_ISIDRO_47_F1,Overlay,HUAWEI,H112,OLT_MA5800_SAN_ISIDRO_47_F1,OLT_MA5800_SAN_ISIDRO_47_F1,2333.0
LIMA,LIMA,SAN ISIDRO,LIM,SI,SAN ISIDRO,OLT_MA5800_SAN_ISIDRO_47_F2,Overlay,HUAWEI,H117,,,
LIMA,LIMA,SAN MIGUEL,LIM,SJ,SAN JOSE,OLT_MA5800_SAN_JOSE_55,,HUAWEI,H011,OLT_MA5800_SAN_JOSE_55,OLT_MA5800_SAN_JOSE_55,2573.0
LIMA,LIMA,SAN JUAN DE MIRAFLORES,LIM,JU,SAN JUAN DE MIRAFLORES,OLT_MA5800_SAN_JUAN_51,,HUAWEI,H018,OLT_MA5800_SAN_JUAN_51,OLT_MA5800_SAN_JUAN_51,28.0
LIMA,LIMA,SAN MIGUEL,LIM,SM,SAN MIGUEL,OLT_MA5800_SAN_MIGUEL_17,,HUAWEI,H012,OLT_MA5800_SAN_MIGUEL_17,OLT_MA5800_SAN_MIGUEL_17,1051.0
LIMA,LIMA,SANTIAGO DE SURCO,LIM,RO,SAN ROQUE,OLT_MA5800_SAN_ROQUE_20,,HUAWEI,H009,OLT_MA5800_SAN_ROQUE_20,OLT_MA5800_SAN_ROQUE_20,518.0
HUANUCO,LEONCIO PRADO,TINGO MARIA,HNC,GE,TINGO MARIA,OLT_MA5800_TINGO_MARIA_12,,HUAWEI,H044,OLT_MA5800_TINGO_MARIA_12,OLT_MA5800_TINGO_MARIA_12,4527.0
LA LIBERTAD,TRUJILLO,TRUJILLO,TRU,T1,TRUJILLO CENTRO,OLT_MA5800_TRUJILLO_60,,HUAWEI,H050,OLT_MA5800_TRUJILLO_60,OLT_MA5800_TRUJILLO_60,600.0
TUMBES,TUMBES,TUMBES,TUM,GU,TUMBES,OLT_MA5800_TUMBES_30,,HUAWEI,H071,OLT_MA5800_TUMBES_30,OLT_MA5800_TUMBES_30,5448.0
CUSCO,URUBAMBA,URUBAMBA,CUS,GY,URUBAMBA,OLT_MA5800_URUBAMBA_6,,HUAWEI,H042,OLT_MA5800_URUBAMBA_6,OLT_MA5800_URUBAMBA_6,1070.0
LIMA,LIMA,ATE VITARTE,LIM,VI,VITARTE,OLT_MA5800_VITARTE_44,,HUAWEI,H023,OLT_MA5800_VITARTE_44,OLT_MA5800_VITARTE_44,48.0
LIMA,LIMA,JESUS MARIA/PUEBLO LIBRE/BREÃƒâ€˜A,LIM,WA,WASHINGTON,OLT_MA5800_WASHINGTON_58,,HUAWEI,H013,OLT_MA5800_WASHINGTON_58,OLT_MA5800_WASHINGTON_58,2861.0
LIMA,LIMA,JESUS MARIA/PUEBLO LIBRE/BREÃƒâ€˜A,LIM,WA,WASHINGTON,OLT_MA5800_WASHINGTON_59_F1,Overlay,HUAWEI,H114,OLT_MA5800_WASHINGTON_59_F1,OLT_MA5800_WASHINGTON_59_F1,3264.0
UCAYALI,CORONEL PORTILLO,YARINACOCHA,UCA,EY,YARINACOCHA,OLT_MA5800_YARINACOCHA_8,,HUAWEI,H073,OLT_MA5800_YARINACOCHA_8,OLT_MA5800_YARINACOCHA_8,2527.0
PUNO,YUNGUYO,YUNGUYO,PUN,EN,YUNGUYO,OLT_MA5800_YUNGUYO_4,,HUAWEI,H065,OLT_MA5800_YUNGUYO_4,OLT_MA5800_YUNGUYO_4,907.0
TUMBES,ZARUMILLA,ZARUMILLA,TUM,GZ,ZARUMILLA,OLT_MA5800_ZARUMILLA_9,,HUAWEI,H072,OLT_MA5800_ZARUMILLA_9,OLT_MA5800_ZARUMILLA_9,2046.0
MOQUEGUA,ILO,PACOCHA,MOQ,GP,SOTHEN,SOUTHERN,,HUAWEI,,,,
LIMA,LIMA,BARRANCO,LIM,BA,BARRANCO,P_OLT_C600_BARRANCO_1,PANGEA,ZTE,T011,,,
LIMA,LIMA,CHORRILLOS,LIM,CV,CEDRO DE VILLA,P_OLT_C600_CEDROS_DE_VILLA_1,PANGEA,ZTE,T005,P_OLT_C600_CEDROS_DE_VILLA_1,P_OLT_C600_CEDROS_DE_VILLA_1,28.0
LIMA,LIMA,CHORRILLOS,LIM,CR,CHORRILLOS,P_OLT_C600_CHORRILLOS_1,PANGEA,ZTE,T006,P_OLT_C600_CHORRILLOS_1,P_OLT_C600_CHORRILLOS_1,60.0
LIMA,LIMA,SANTIAGO DE SURCO,LIM,HI,HIGUERETA,P_OLT_C600_HIGUERETA_1,PANGEA,ZTE,T008,,,
LIMA,LIMA,LA VICTORIA,LIM,LV,LA VICTORIA,P_OLT_C600_LA_VICTORIA_1,PANGEA,ZTE,T004,P_OLT_C600_LA_VICTORIA_1,P_OLT_C600_LA_VICTORIA_1,12.0
LIMA,LIMA,VILLA EL SALVADOR,LIM,MY,1 DE MAYO,P_OLT_C600_PRIMERO_DE_MAYO_1,PANGEA,ZTE,T014,,,
LIMA,LIMA,SAN BORJA,LIM,SB,SAN BORJA,P_OLT_C600_SAN_BORJA_1,PANGEA,ZTE,T003,P_OLT_C600_SAN_BORJA_1,P_OLT_C600_SAN_BORJA_1,36.0
LIMA,LIMA,SAN ISIDRO,LIM,SI,SAN ISIDRO,P_OLT_C600_SAN_ISIDRO_1,PANGEA,ZTE,T012,,,
LIMA,LIMA,SAN MIGUEL,LIM,SJ,SAN JOSE,P_OLT_C600_SAN_JOSE_1,PANGEA,ZTE,T007,P_OLT_C600_SAN_JOSE_1,P_OLT_C600_SAN_JOSE_1,72.0
LIMA,LIMA,SAN JUAN DE MIRAFLORES,LIM,JU,SAN JUAN,P_OLT_C600_SAN_JUAN_1,PANGEA,ZTE,T001,P_OLT_C600_SAN_JUAN_1,P_OLT_C600_SAN_JUAN_1,126.0
LIMA,LIMA,SAN MIGUEL,LIM,SM,SAN MIGUEL,P_OLT_C600_SAN_MIGUEL_1,PANGEA,ZTE,T009,,,
LIMA,LIMA,ATE VITARTE,LIM,SP,SANTA PATRICIA,P_OLT_C600_SANTA_PATRICIA_1,PANGEA,ZTE,T002,P_OLT_C600_SANTA_PATRICIA_1,P_OLT_C600_SANTA_PATRICIA_1,59.0
LIMA,LIMA,VILLA EL SALVADOR,LIM,VS,VILLA EL SALVADOR,P_OLT_C600_VILLA_EL_SALVADOR_1,PANGEA,ZTE,T016,,,
LIMA,LIMA,ATE VITARTE,LIM,VI,ATE VITARTE,P_OLT_C600_VITARTE_1,PANGEA,ZTE,T010,P_OLT_C600_VITARTE_1,P_OLT_C600_VITARTE_1,33.0
LIMA,LIMA,JESUS MARIA/PUEBLO LIBRE/BREÃƒâ€˜A,LIM,WA,WASHINGTON,P_OLT_C600_WASHINGTON_1,PANGEA,ZTE,T015,,,
LIMA,CALLAO,CALLAO,LIM,CA,CALLAO,P_OLT_C600_CALLAO_1,PANGEA,ZTE,T013,,,
LIMA,LIMA,SAN JUAN DE LURIGANCHO,LIM,ZA,ZARATE,P_OLT_C600_ZARATE_1,PANGEA,ZTE,T017,,,
AMAZONAS,RODRIGUEZ DE MENDOZA,RODRIGUEZ DE MENDOZA,AMA,5C,RODRIGUEZ DE MENDOZA,OLT_C610_RODRIGUEZ_DE_MENDOZA_5,Overlay,ZTE,Z071,OLT_C610_RODRIGUEZ_DE_MENDOZA_5,OLT_C610_RODRIGUEZ_DE_MENDOZA_5,7.0
APURIMAC,ANDAHUAYLAS,ANDAHUAYLAS,APU,AX,ANDAHUAYLAS,OLT_C300_ANDAHUAYLAS_10,,ZTE,Z007,OLT_C300_ANDAHUAYLAS_10,OLT_C300_ANDAHUAYLAS_10,2662.0
AYACUCHO,HUAMANGA,HUAMANGA,AYA,YC,AYACUCHO,OLT_C300_AYACUCHO_44_F1,,ZTE,Z033,OLT_C300_AYACUCHO_44_F1,OLT_C300_AYACUCHO_44_F1,9944.0
AYACUCHO,HUAMANGA,AYACUCHO,AYA,YC,AYACUCHO,OLT_C300_AYACUCHO_44_F2,,ZTE,Z034,OLT_C300_AYACUCHO_44_F2,OLT_C300_AYACUCHO_44_F2,656.0
PUNO,AZANGARO,AZANGARO,PUN,EI,AZANGARO,OLT_C300_AZANGARO_6,,ZTE,Z028,OLT_C300_AZANGARO_6,OLT_C300_AZANGARO_6,1102.0
AMAZONAS,BAGUA,LA PECA,AMA,GS,BAGUA CHICA,OLT_C300_BAGUA_CHICA_9,,ZTE,Z003,OLT_C300_BAGUA_CHICA_9,OLT_C300_BAGUA_CHICA_9,1170.0
AMAZONAS,UTCUBAMBA,BAGUA GRANDE,AMA,GV,BAGUA GRANDE,OLT_C300_BAGUA_GRANDE_5,,ZTE,Z004,OLT_C300_BAGUA_GRANDE_5,OLT_C300_BAGUA_GRANDE_5,977.0
CAJAMARCA,CAJABAMBA,CAJABAMBA,CAJ,BM,CAJABAMBA,OLT_C300_CAJABAMBA_5,,ZTE,Z038,OLT_C300_CAJABAMBA_5,OLT_C300_CAJABAMBA_5,1724.0
AREQUIPA,CAMANA,CAMANA,ARE,AQ,CAMANA,OLT_C300_CAMANA_13,,ZTE,Z008,OLT_C300_CAMANA_13,OLT_C300_CAMANA_13,2449.0
ANCASH,CASMA,CASMA,CTE,GC,CASMA,OLT_C300_CASMA_5,,ZTE,Z005,OLT_C300_CASMA_5,OLT_C300_CASMA_5,1329.0
PASCO,PASCO,PASCO,PAS,DZ,CERRO DE PASCO,OLT_C300_CERRO_DE_PASCO_10,,ZTE,Z010,OLT_C300_CERRO_DE_PASCO_10,OLT_C300_CERRO_DE_PASCO_10,4535.0
AMAZONAS,CHACHAPOYAS,CHACHAPOYAS,AMA,CF,CHACHAPOYAS,OLT_C300_CHACHAPOYAS_6,,ZTE,Z002,OLT_C300_CHACHAPOYAS_6,OLT_C300_CHACHAPOYAS_6,1428.0
LIMA,HUARAL,CHANCAY,LIM,GK,CHANCAY,OLT_C300_CHANCAY_10,,ZTE,Z001,OLT_C300_CHANCAY_10,OLT_C300_CHANCAY_10,1607.0
HUANCAVELICA,HUAYTARA,HUAYTARA,HCV,6R,HUAYTARA,OLT_C610_HUAYTARA_2,Overlay,ZTE,Z104,OLT_C610_HUAYTARA_2,OLT_C610_HUAYTARA_2,4.0
MADRE DE DIOS,TAHUAMANU,IÃƒâ€˜APARI,MDD,7I,IÃƒâ€˜APARI,OLT_C610_IÃƒâ€˜APARI_1,Overlay,ZTE,Z121,,,
CUSCO,ANTA,IZCUCHACA,CUS,CT,IZCUCHACA,OLT_C610_IZCUCHACA_4,Overlay,ZTE,Z067,OLT_C610_IZCUCHACA_4,OLT_C610_IZCUCHACA_4,2.0
HUANUCO,LAURICOCHA,JESUS,HNC,6V,JESUS,OLT_C610_JESUS_HUANUCO_1,Overlay,ZTE,Z128,OLT_C610_JESUS_HUANUCO_1,OLT_C610_JESUS_HUANUCO_1,6.0
LA LIBERTAD,JULCAN,JULCAN,TRU,7C,JULCAN,OLT_C610_JULCAN_1,Overlay,ZTE,Z116,OLT_C610_JULCAN_1,OLT_C610_JULCAN_1,7.0
AMAZONAS,BONGARA,JUMBILLA,AMA,5A,JUMBILLA,OLT_C610_JUMBILLA_1,Overlay,ZTE,Z129,OLT_C610_JUMBILLA_1,OLT_C610_JUMBILLA_1,5.0
JUNIN,JUNIN,JUNIN,HUA,H7,JUNIN,OLT_C610_JUNIN_7,Overlay,ZTE,Z048,OLT_C610_JUNIN_7,OLT_C610_JUNIN_7,5.0
LIMA,CAÃƒâ€˜ETE,ASIA,LIM,AS,ASIA,OLT_C610_LA_JOLLA_AS_1_F1,Overlay,ZTE,Z044,OLT_C610_LA_JOLLA_AS_1_F1,OLT_C610_LA_JOLLA_AS_1_F1,2.0
HUANUCO,DOS DE MAYO,LA UNION,HNC,6S,LA UNION,OLT_C610_LA_UNION_HUANUCO_2,Overlay,ZTE,Z096,OLT_C610_LA_UNION_HUANUCO_2,OLT_C610_LA_UNION_HUANUCO_2,2.0
PUNO,LAMPA,LAMPA,PUN,7M,LAMPA,OLT_C610_LAMPA_2,Overlay,ZTE,Z130,OLT_C610_LAMPA_2,OLT_C610_LAMPA_2,7.0
AMAZONAS,LUYA,LAMUD,AMA,5B,LAMUD,OLT_C610_LAMUD_1,Overlay,ZTE,Z107,OLT_C610_LAMUD_1,OLT_C610_LAMUD_1,5.0
HUANCAVELICA,ANGARAES,LIRCAY,HCV,6O,LIRCAY,OLT_C610_LIRCAY_6,Overlay,ZTE,Z068,OLT_C610_LIRCAY_6,OLT_C610_LIRCAY_6,11.0
ANCASH,ANTONIO RAIMONDI,LLAMELLIN,CTE,5E,LLAMELLIN,OLT_C610_LLAMELLIN_1,Overlay,ZTE,Z123,OLT_C610_LLAMELLIN_1,OLT_C610_LLAMELLIN_1,8.0
HUANUCO,HUAMALIES,LLATA,HNC,6U,LLATA,OLT_C610_LLATA_2,Overlay,ZTE,Z097,OLT_C610_LLATA_2,OLT_C610_LLATA_2,8.0
PUNO,CARABAYA,MACUSANI,PUN,7L,MACUSANI,OLT_C610_MACUSANI_2,Overlay,ZTE,Z111,OLT_C610_MACUSANI_2,OLT_C610_MACUSANI_2,14.0
PUNO,MOHO,MOHO,PUN,7N,MOHO,OLT_C610_MOHO_2,Overlay,ZTE,Z122,OLT_C610_MOHO_2,OLT_C610_MOHO_2,9.0
ANCASH,OCROS,OCROS,CTE,5H,OCROS,OLT_C610_OCROS_1,Overlay,ZTE,Z112,OLT_C610_OCROS_1,OLT_C610_OCROS_1,6.0
MOQUEGUA,GENERAL SANCHEZ CERRO,OMATE,MOQ,7J,OMATE,OLT_C610_OMATE_1,Overlay,ZTE,Z100,OLT_C610_OMATE_1,OLT_C610_OMATE_1,5.0
LIMA,OYON,OYON,LIM,7G,OYON,OLT_C610_OYON_3,Overlay,ZTE,Z069,OLT_C610_OYON_3,OLT_C610_OYON_3,11.0
HUANCAVELICA,TAYACAJA,PAMPAS,HCV,DE,PAMPAS,OLT_C610_PAMPAS_4,Overlay,ZTE,Z049,OLT_C610_PAMPAS_4,OLT_C610_PAMPAS_4,1.0
HUANUCO,PACHITEA,PANAO,HNC,6X,PANAO,OLT_C610_PANAO_1,Overlay,ZTE,Z106,OLT_C610_PANAO_1,OLT_C610_PANAO_1,6.0
CUSCO,PARURO,PARURO,CUS,6K,PARURO,OLT_C610_PARURO_1,Overlay,ZTE,Z120,OLT_C610_PARURO_1,OLT_C610_PARURO_1,6.0
CUSCO,PAUCARTAMBO,PAUCARTAMBO,CUS,6L,PAUCARTAMBO,OLT_C610_PAUCARTAMBO_2,Overlay,ZTE,Z101,OLT_C610_PAUCARTAMBO_2,OLT_C610_PAUCARTAMBO_2,8.0
AYACUCHO,PAUCAR DEL SARA SARA,PAUSA,AYA,5X,PAUSA,OLT_C610_PAUSA_2,Overlay,ZTE,Z073,OLT_C610_PAUSA_2,OLT_C610_PAUSA_2,9.0
SAN MARTIN,PICOTA,PICOTA,SMT,7P,PICOTA,OLT_C610_PICOTA_1,Overlay,ZTE,Z102,OLT_C610_PICOTA_1,OLT_C610_PICOTA_1,5.0
ANCASH,MARISCAL LUZURIAGA,PISCOBAMBA,CTE,,PISCOBAMBA,OLT_C610_PISCOBAMBA_1,Overlay,ZTE,Z131,OLT_C610_PISCOBAMBA_1,OLT_C610_PISCOBAMBA_1,11.0
ANCASH,POMABAMBA,POMABAMBA,CTE,,POMABAMBA,OLT_C610_POMABAMBA_3,Overlay,ZTE,Z080,,,
CUSCO,PUERTO INCA,PUERTO INCA,CUS,6Y,PUERTO INCA,OLT_C610_PUERTO_INCA_2,Overlay,ZTE,Z099,OLT_C610_PUERTO_INCA_2,OLT_C610_PUERTO_INCA_2,4.0
AYACUCHO,LUCANAS,PUQUIO,AYA,PQ,PUQUIO,OLT_C610_PUQUIO_2,Overlay,ZTE,Z040,OLT_C610_PUQUIO_2,OLT_C610_PUQUIO_2,2.0
PUNO,SAN ANTONIO DE PUTINA,PUNTINA,PUN,EL,PUNTINA,OLT_C610_PUTINA_2,Overlay,ZTE,Z060,OLT_C610_PUTINA_2,OLT_C610_PUTINA_2,11.0
CUSCO,LA CONVENCION,QUILLABAMBA,CUS,EZ,QUILLABAMBA,OLT_C610_QUILLABAMBA_8,Overlay,ZTE,Z089,,,
CAJAMARCA,SAN IGNACIO,SAN IGNACIO,CAJ,JB,SAN IGNACIO,OLT_C610_SAN_IGNACIO_6,Overlay,ZTE,Z076,OLT_C610_SAN_IGNACIO_6,OLT_C610_SAN_IGNACIO_6,2.0
SAN MARTIN,EL DORADO,SAN JOSE DE SISA,SMT,7O,SAN JOSE DE SISA,OLT_C610_SAN_JOSE_DE_SISA_1,Overlay,ZTE,Z105,OLT_C610_SAN_JOSE_DE_SISA_1,OLT_C610_SAN_JOSE_DE_SISA_1,5.0
ANCASH,CARLOS FERMIN FITZCARRALD,SAN LUIS ,CTE,FD,SAN LUIS ,OLT_C610_SAN_LUIS_ANCASH_1,Overlay,ZTE,Z127,OLT_C610_SAN_LUIS_ANCASH_1,OLT_C610_SAN_LUIS_ANCASH_1,9.0
CAJAMARCA,SAN MARCOS,SAN MARCOS,CAJ,JC,SAN MARCOS,OLT_C610_SAN_MARCOS_CAJ_1,Overlay,ZTE,Z039,,,
CAJAMARCA,SAN MIGUEL,SAN MIGUEL,CAJ,6D,SAN MIGUEL,OLT_C610_SAN_MIGUEL_CAJ_2,Overlay,ZTE,Z077,OLT_C610_SAN_MIGUEL_CAJ_2,OLT_C610_SAN_MIGUEL_CAJ_2,4.0
CAJAMARCA,SAN PABLO,SAN PABLO,LIM,6E,SAN PABLO,OLT_C610_SAN_PABLO_4,Overlay,ZTE,Z088,OLT_C610_SAN_PABLO_4,OLT_C610_SAN_PABLO_4,5.0
PUNO,SANDIA,SANDIA,PUN,QE,SANDIA,OLT_C610_SANDIA_2,Overlay,ZTE,Z055,OLT_C610_SANDIA_2,OLT_C610_SANDIA_2,10.0
LA LIBERTAD,SANTIAGO DE CHUCO,SANTIAGO DE CHUCO,TRU,SH,SANTIAGO DE CHUCO,OLT_C610_SANTIAGO_DE_CHUCO_1,Overlay,ZTE,Z054,OLT_C610_SANTIAGO_DE_CHUCO_1,OLT_C610_SANTIAGO_DE_CHUCO_1,11.0
CUSCO,CHUMBIVILCAS,SANTO TOMAS,CUS,6I,SANTO TOMAS,OLT_C610_SANTO_TOMAS_1,Overlay,ZTE,Z110,OLT_C610_SANTO_TOMAS_1,OLT_C610_SANTO_TOMAS_1,7.0
ANCASH,SIHUAS,SIHUAS,CTE,5K,SIHUAS,OLT_C610_SIHUAS_4,Overlay,ZTE,Z072,OLT_C610_SIHUAS_4,OLT_C610_SIHUAS_4,5.0
CAJAMARCA,SANTA CRUZ,SUCCHUBAMBA,CAJ,6F,SUCCHUBAMBA,OLT_C610_SUCCHUBAMBA_4,Overlay,ZTE,Z074,OLT_C610_SUCCHUBAMBA_4,OLT_C610_SUCCHUBAMBA_4,3.0
APURIMAC,COTABAMBAS,TAMBOBAMBA,APU,5O,TAMBOBAMBA,OLT_C610_TAMBOBAMBA_2,Overlay,ZTE,Z118,OLT_C610_TAMBOBAMBA_2,OLT_C610_TAMBOBAMBA_2,10.0
TACNA,TARATA,TARATA,TAC,7R,TARATA,OLT_C610_TARATA_1,Overlay,ZTE,Z090,OLT_C610_TARATA_1,OLT_C610_TARATA_1,1.0
LA LIBERTAD,PATAZ,TAYABAMBA,TRU,QG,TAYABAMBA,OLT_C610_TAYABAMBA_1,Overlay,ZTE,Z056,OLT_C610_TAYABAMBA_1,OLT_C610_TAYABAMBA_1,8.0
CUSCO,QUISPICANCHI,URCOS,CUS,UE,URCOS,OLT_C610_URCOS_4,Overlay,ZTE,Z050,OLT_C610_URCOS_4,OLT_C610_URCOS_4,5.0
AYACUCHO,VILCASHUAMAN,VILCASHUAMAN,AYA,5Y,VILCASHUAMAN,OLT_C610_VILCAS_HUAMAN_2,Overlay,ZTE,Z086,OLT_C610_VILCAS_HUAMAN_2,OLT_C610_VILCAS_HUAMAN_2,17.0
PASCO,DANIEL ALCIDES CARRION,YANAHUANCA,PAS,7K,YANAHUANCA,OLT_C610_YANAHUANCA_2,Overlay,ZTE,Z098,OLT_C610_YANAHUANCA_2,OLT_C610_YANAHUANCA_2,11.0
CUSCO,CANAS,YANAOCA,CUS,91,YANAOCA,OLT_C610_YANAOCA_1,Overlay,ZTE,Z126,OLT_C610_YANAOCA_1,OLT_C610_YANAOCA_1,5.0
CUSCO,ESPINAR,YAURI,CUS,DC,YAURI,OLT_C610_YAURI_4,Overlay,ZTE,Z079,OLT_C610_YAURI_4,OLT_C610_YAURI_4,6.0
LIMA,YAUYOS,YAUYOS,LIM,7H,YAUYOS,OLT_C610_YAUYOS_1,Overlay,ZTE,Z103,OLT_C610_YAUYOS_1,OLT_C610_YAUYOS_1,11.0
CAJAMARCA,CAJAMARCA,CAJAMARCA,CAJ,CJ,CAJAMARCA,OLT_MA5600T_CAJAMARCA_62,,HUAWEI,H095,OLT_MA5600T_CAJAMARCA_62,OLT_MA5600T_CAJAMARCA_62,11154.0
ICA,CHINCHA,CHINCHA,ICA,IH,CHINCHA ALTA,OLT_MA5600T_CHINCHAALTA_40,,HUAWEI,H046,OLT_MA5600T_CHINCHAALTA_40,OLT_MA5600T_CHINCHAALTA_40,8446.0
UCAYALI,CORONEL PORTILLO,PUCALLPA,UCA,PJ,PUCALLPA,OLT_MA5600T_PUCALLPA_52,,HUAWEI,H098,OLT_MA5600T_PUCALLPA_52,OLT_MA5600T_PUCALLPA_52,8215.0
PUNO,PUNO,PUNO,PUN,UP,PUNO,OLT_MA5600T_PUNO_43,,HUAWEI,H100,OLT_MA5600T_PUNO_43,OLT_MA5600T_PUNO_43,3483.0
APURIMAC,ABANCAY,ABANCAY,APU,GA,ABANCAY,OLT_MA5800_ABANCAY_25,,HUAWEI,H033,OLT_MA5800_ABANCAY_25,OLT_MA5800_ABANCAY_25,5760.0
LIMA,LIMA,ANCON,LIM,AN,ANCON,OLT_MA5800_ANCON_6,EDIFICIO,HUAWEI,H001,,,
AREQUIPA,AREQUIPA,AREQUIPA,ARE,A3,AREQUIPA,OLT_MA5800_AREQUIPA_44,,HUAWEI,H044,OLT_MA5800_AREQUIPA_44,OLT_MA5800_AREQUIPA_44,477.0
PUNO,MELGAR,AYAVIRI,PUN,EK,AYAVIRI,OLT_MA5800_AYAVIRI_7,,HUAWEI,H064,OLT_MA5800_AYAVIRI_7,OLT_MA5800_AYAVIRI_7,938.0
CAJAMARCA,HUALGAYOC,BAMBAMARCA,CAJ,EW,BAMBAMARCA,OLT_MA5800_BAMBAMARCA_4,,HUAWEI,H037,OLT_MA5800_BAMBAMARCA_4,OLT_MA5800_BAMBAMARCA_4,521.0
CAJAMARCA,CAJAMARCA,BAÃƒâ€˜OS DEL INCA,CAJ,BN,BAÃƒâ€˜OS DEL INCA,OLT_MA5800_BANOS_DEL_INCA_5,,HUAWEI,H036,OLT_MA5800_BANOS_DEL_INCA_5,OLT_MA5800_BANOS_DEL_INCA_5,1258.0
LIMA,BARRANCA,BARRANCA,LIM,GJ,BARRANCA,OLT_MA5800_BARRANCA_16,,HUAWEI,H026,OLT_MA5800_BARRANCA_16,OLT_MA5800_BARRANCA_16,4229.0
LIMA,LIMA,BARRANCO,LIM,BA,BARRANCO,OLT_MA5800_BARRANCO_24,EDIFICIO,HUAWEI,H002,OLT_MA5800_BARRANCO_24,OLT_MA5800_BARRANCO_24,1406.0
CAJAMARCA,CAJAMARCA,CAJAMARCA,CAJ,CJ,CAJAMARCA,OLT_MA5800_CAJAMARCA_62_F2,,HUAWEI,H096,OLT_MA5800_CAJAMARCA_62_F2,OLT_MA5800_CAJAMARCA_62_F2,3386.0
LIMA,CALLAO,CALLAO,LIM,CA,CALLAO,OLT_MA5800_CALLAO_52,EDIFICIO,HUAWEI,H017,OLT_MA5800_CALLAO_52,OLT_MA5800_CALLAO_52,413.0
LIMA,CAÃƒâ€˜ETE,CAÃƒâ€˜ETE,LIM,HO,CAÃƒâ€˜ETE,OLT_MA5800_CANETE_10,,HUAWEI,H030,OLT_MA5800_CANETE_10,OLT_MA5800_CANETE_10,3264.0
LA LIBERTAD,ASCOPE,CASA GRANDE,TRU,CW,CASA GRANDE,OLT_MA5800_CASA_GRANDE_7,,HUAWEI,H047,OLT_MA5800_CASA_GRANDE_7,OLT_MA5800_CASA_GRANDE_7,1896.0
AREQUIPA,AREQUIPA,CAYMA,ARE,A1,CAYMA,OLT_MA5800_CAYMA_19,,HUAWEI,H035,OLT_MA5800_CAYMA_19,OLT_MA5800_CAYMA_19,17.0
LIMA,LIMA,CHORRILLOS,LIM,CV,CEDRO DE VILLA,OLT_MA5800_CEDROS_DE_VILLA_2,EDIFICIO,HUAWEI,H106,OLT_MA5800_CEDROS_DE_VILLA_2,OLT_MA5800_CEDROS_DE_VILLA_2,801.0
LIMA,LIMA,SAN BORJA,LIM,CQ,CHACARILLA,OLT_MA5800_CHACARILLA_12,EDIFICIO,HUAWEI,H003,OLT_MA5800_CHACARILLA_12,OLT_MA5800_CHACARILLA_12,1060.0
LAMBAYEQUE,CHICLAYO,CHICLAYO,CHI,C2,CHICLAYO CENTRO,OLT_MA5800_CHICLAYO_80,,HUAWEI,H051,,,
LIMA,LIMA,CHORRILLOS,LIM,CR,CHORRILLOS,OLT_MA5800_CHORRILLOS_33,EDIFICIO,HUAWEI,H074,OLT_MA5800_CHORRILLOS_33,OLT_MA5800_CHORRILLOS_33,768.0
LIMA,LIMA,SANTIAGO DE SURCO,LIM,CR,SAGITARIO,OLT_MA5800_CHORRILLOS_SG_34_F1,Overlay,HUAWEI,H075,OLT_MA5800_CHORRILLOS_SG_34_F1,OLT_MA5800_CHORRILLOS_SG_34_F1,3569.0
LIMA,HUAROCHIRI,CHOSICA,LIM,CH,CHOSICA,OLT_MA5800_CHOSICA_18,EDIFICIO,HUAWEI,h015,,,
CAJAMARCA,CHOTA,CHOTA,CUS,GW,CHOTA,OLT_MA5800_CHOTA_6,,HUAWEI,H039,OLT_MA5800_CHOTA_6,OLT_MA5800_CHOTA_6,1096.0
PIURA,MORROPON,CHULUCANAS,PIU,G9,CHULUCANAS,OLT_MA5800_CHULUCANAS_8,,HUAWEI,H055,OLT_MA5800_CHULUCANAS_8,OLT_MA5800_CHULUCANAS_8,1451.0
TACNA,TACNA,CIUDAD NUEVA,TAC,TR,CIUDAD NUEVA,OLT_MA5800_CIUDAD_NUEVA_12,,HUAWEI,H070,OLT_MA5800_CIUDAD_NUEVA_12,OLT_MA5800_CIUDAD_NUEVA_12,2587.0
TACNA,TACNA,CONO SUR,TAC,TQ,CONO SUR,OLT_MA5800_CONO_SUR_14,,HUAWEI,H069,OLT_MA5800_CONO_SUR_14,OLT_MA5800_CONO_SUR_14,3587.0
CUSCO,CUSCO,CUSCO,CUS,CU,CUSCO,OLT_MA5800_CUSCO_66,,HUAWEI,H043,OLT_MA5800_CUSCO_66,OLT_MA5800_CUSCO_66,872.0
LIMA,LIMA,SAN ISIDRO,LIM,SI,SAN ISIDRO,OLT_MA5800_SANISIDRO_43,,HUAWEI,H087,OLT_MA5800_SANISIDRO_43,OLT_MA5800_SANISIDRO_43,2407.0
LIMA,LIMA,SANTA CLARA,LIM,SC,SANTA CLARA,OLT_MA5800_SANTA_CLARA_25,,HUAWEI,H016,OLT_MA5800_SANTA_CLARA_25,OLT_MA5800_SANTA_CLARA_25,82.0
LIMA,LIMA,ATE VITARTE,LIM,SP,SANTA PATRICIA,OLT_MA5800_SANTA_PATRICIA_2,EDIFICIO,HUAWEI,H104,OLT_MA5800_SANTA_PATRICIA_2,OLT_MA5800_SANTA_PATRICIA_2,5405.0
PIURA,SECHURA,SECHURA,PIU,HV,SECHURA,OLT_MA5800_SECHURA_4,,HUAWEI,H057,OLT_MA5800_SECHURA_4,OLT_MA5800_SECHURA_4,1197.0
PIURA,SULLANA,SULLANA,PIU,PS,SULLANA,OLT_MA5800_SULLANA_48,,HUAWEI,H058,OLT_MA5800_SULLANA_48,OLT_MA5800_SULLANA_48,9812.0
TACNA,TACNA,TACNA,TAC,HX,TACNA,OLT_MA5800_TACNA_48,,HUAWEI,H068,OLT_MA5800_TACNA_48,OLT_MA5800_TACNA_48,8005.0
PIURA,TALARA,PARIÃƒâ€˜AS,PIU,GX,TALARA,OLT_MA5800_TALARA_23,,HUAWEI,H056,OLT_MA5800_TALARA_23,OLT_MA5800_TALARA_23,5645.0
SAN MARTIN,SAN MARTIN,TARAPOTO,SMT,GT,TARAPOTO,OLT_MA5800_TARAPOTO_46,,HUAWEI,H097,OLT_MA5800_TARAPOTO_46,OLT_MA5800_TARAPOTO_46,6201.0
LA LIBERTAD,CHEPEN,CHEPEN,TRU,GI,CHEPEN,OLT_C300_CHEPEN_14,,ZTE,Z019,OLT_C300_CHEPEN_14,OLT_C300_CHEPEN_14,2680.0
PUNO,CHUCUITO,DESAGUADERO,PUN,PX,DESAGUADERO,OLT_C300_DESAGUADERO_4,,ZTE,Z030,OLT_C300_DESAGUADERO_4,OLT_C300_DESAGUADERO_4,555.0
LA LIBERTAD,PACASMAYO,GUADALUPE,TRU,PZ,GUADALUPE,OLT_C300_GUADALUPE_5,,ZTE,Z021,OLT_C300_GUADALUPE_5,OLT_C300_GUADALUPE_5,1609.0
LA LIBERTAD,SANCHEZ CARRION,HUAMACHUCO,TRU,DR,HUAMACHUCO,OLT_C300_HUAMACHUCO_07,,ZTE,Z022,OLT_C300_HUAMACHUCO_07,OLT_C300_HUAMACHUCO_07,1738.0
AYACUCHO,HUANTA,HUANTA,AYA,AY,HUANTA,OLT_C300_HUANTA_8,,ZTE,Z009,OLT_C300_HUANTA_8,OLT_C300_HUANTA_8,1181.0
ANCASH,HUARMEY,HUARMEY,CTE,GM,HUARMEY,OLT_C300_HUARMEY_10,,ZTE,Z006,OLT_C300_HUARMEY_10,OLT_C300_HUARMEY_10,1458.0
PUNO,CHUCUITO,JULI,PUN,JL,JULI,OLT_C300_JULI_4,,ZTE,Z029,OLT_C300_JULI_4,OLT_C300_JULI_4,361.0
PUNO,SAN ROMAN,JULIACA,PUN,JK,JULIACA,OLT_C300_JULIACA_54_F1,,ZTE,Z036,OLT_C300_JULIACA_54_F1,OLT_C300_JULIACA_54_F1,9665.0
PUNO,SAN ROMAN,JULIACA,PUN,JK,JULIACA,OLT_C300_JULIACA_54_F2,,ZTE,Z037,OLT_C300_JULIACA_54_F2,OLT_C300_JULIACA_54_F2,4130.0
JUNIN,CHANCHAMAYO,LA MERCED,HUA,DH,LA MERCED,OLT_C300_LA_MERCED_6,,ZTE,Z014,OLT_C300_LA_MERCED_6,OLT_C300_LA_MERCED_6,2549.0
JUNIN,SATIPO,MAZAMARI,HUA,DK,MAZAMARI,OLT_C300_MAZAMARI_2,,ZTE,Z017,OLT_C300_MAZAMARI_2,OLT_C300_MAZAMARI_2,406.0
MOQUEGUA,MARISCAL NIETO,MOQUEGUA,MOQ,HT,MOQUEGUA,OLT_C300_MOQUEGUA_15,,ZTE,Z026,OLT_C300_MOQUEGUA_15,OLT_C300_MOQUEGUA_15,4458.0
SAN MARTIN,MOYOBAMBA,MOYOBAMBA,SMT,HW,MOYOBAMBA,OLT_C300_MOYOBAMBA_14,,ZTE,Z032,OLT_C300_MOYOBAMBA_14,OLT_C300_MOYOBAMBA_14,3132.0
ICA,NASCA,NASCA,ICA,HF,NAZCA,OLT_C300_NAZCA_12,,ZTE,Z013,OLT_C300_NAZCA_12,OLT_C300_NAZCA_12,1872.0
LAMBAYEQUE,LAMBAYEQUE,OLMOS,CHI,OL,OLMOS,OLT_C300_OLMOS_5,,ZTE,Z023,OLT_C300_OLMOS_5,OLT_C300_OLMOS_5,1379.0
LA LIBERTAD,PACASMAYO,PACASMAYO,TRU,HH,PACASMAYO,OLT_C300_PACASMAYO_15,,ZTE,Z020,OLT_C300_PACASMAYO_15,OLT_C300_PACASMAYO_15,2451.0
ICA,PISCO,PISCO,ICA,GF,PISCO,OLT_C300_PISCO_24,,ZTE,Z012,OLT_C300_PISCO_24,OLT_C300_PISCO_24,3937.0
MADRE DE DIOS,TAMBOPATA,TAMBOPATA,MDD,HS,PUERTO MALDONADO,OLT_C300_PUERTO_MALDONADO_22,,ZTE,Z025,OLT_C300_PUERTO_MALDONADO_22,OLT_C300_PUERTO_MALDONADO_22,4284.0
JUNIN,SATIPO,SATIPO,HUA,GG,SATIPO,OLT_C300_SATIPO_7,,ZTE,Z015,OLT_C300_SATIPO_7,OLT_C300_SATIPO_7,1408.0
CUSCO,CANCHIS,SICUANI,CUS,DB,SICUANI,OLT_C300_SICUANI_9,,ZTE,Z011,OLT_C300_SICUANI_9,OLT_C300_SICUANI_9,2964.0
PIURA,PIURA,TAMBO GRANDE,PIU,EE,TAMBO GRANDE,OLT_C300_TAMBO_GRANDE_5,,ZTE,Z027,OLT_C300_TAMBO_GRANDE_5,OLT_C300_TAMBO_GRANDE_5,1336.0
SAN MARTIN,SAN MARTIN,TARAPOTO,SMT,GT,TARAPOTO,OLT_C300_TARAPOTO_46,,ZTE,Z035,OLT_C300_TARAPOTO_46,OLT_C300_TARAPOTO_46,5702.0
JUNIN,TARMA,TARMA,HUA,HG,TARMA,OLT_C300_TARMA_12,,ZTE,Z016,OLT_C300_TARMA_12,OLT_C300_TARMA_12,3721.0
SAN MARTIN,TOCACHE,TOCACHE,SMT,EX,TOCACHE,OLT_C300_TOCACHE_2,,ZTE,Z031,OLT_C300_TOCACHE_2,OLT_C300_TOCACHE_2,1498.0
LA LIBERTAD,VIRU,VIRU,TRU,DS,VIRU,OLT_C300_VIRU_6,,ZTE,Z018,OLT_C300_VIRU_6,OLT_C300_VIRU_6,1467.0
LORETO,ALTO AMAZONAS,YURIMAGUAS,LOR,HR,YURIMAGUAS,OLT_C300_YURIMAGUAS_8,,ZTE,Z024,OLT_C300_YURIMAGUAS_8,OLT_C300_YURIMAGUAS_8,3297.0
LIMA,LIMA,BARRANCO,LIM,BA,BARRANCO,OLT_C600_BARRANCO_25_F1,Overlay,ZTE,Z041,OLT_C600_BARRANCO_25_F1,OLT_C600_BARRANCO_25_F1,2017.0
LAMBAYEQUE,CHICLAYO,CHICLAYO,CHI,C2,CHICLAYO CENTRO,OLT_C600_CHICLAYO_81,EDIFICIO,ZTE,Z046,OLT_C600_CHICLAYO_81,OLT_C600_CHICLAYO_81,138.0
LIMA,LIMA,CHORRILLOS,LIM,CR,CHORRILLOS,OLT_C600_CHORRILLOS_35_F1,Overlay,ZTE,Z042,OLT_C600_CHORRILLOS_35_F1,OLT_C600_CHORRILLOS_35_F1,547.0
LIMA,LIMA,LINCE,LIM,LI,LINCE,OLT_C600_LINCE_32,Overlay,ZTE,Z081,OLT_C600_LINCE_32,OLT_C600_LINCE_32,98.0
LIMA,LIMA,MAGDALENA,LIM,MA,MAGDALENA,OLT_C600_MAGDALENA_52_F1,Overlay,ZTE,Z047,OLT_C600_MAGDALENA_52_F1,OLT_C600_MAGDALENA_52_F1,2727.0
LIMA,LIMA,SAN MIGUEL,LIM,PN,PANDO,OLT_C600_PANDO-2,EDIFICIO,ZTE,Z045,OLT_C600_PANDO-2,OLT_C600_PANDO-2,378.0
LIMA,LIMA,SAN LUIS,LIM,RT,ROSA TORO,OLT_C600_ROSA_TORO_5,EDIFICIO,ZTE,Z043,,,
LIMA,LIMA,SAN MIGUEL,LIM,SJ,SAN JOSE,OLT_C600_SAN_JOSE_56,Overlay,ZTE,Z083,OLT_C600_SAN_JOSE_56,OLT_C600_SAN_JOSE_56,142.0
LIMA,LIMA,JESUS MARIA/PUEBLO LIBRE/BREÃƒâ€˜A,LIM,WA,WASHINGTON,OLT_C600_WASHINGTON_60,Overlay,ZTE,Z082,OLT_C600_WASHINGTON_60,OLT_C600_WASHINGTON_60,165.0
HUANCAVELICA,ACOBAMBA,ACOBAMBA,HCV,6N,ACOBAMBA,OLT_C610_ACOBAMBA_2,Overlay,ZTE,Z087,OLT_C610_ACOBAMBA_2,OLT_C610_ACOBAMBA_2,14.0
CUSCO,ACOMAYO,ACOMAYO,CUS,6G,ACOMAYO,OLT_C610_ACOMAYO_1,Overlay,ZTE,Z117,OLT_C610_ACOMAYO_1,OLT_C610_ACOMAYO_1,7.0
UCAYALI,PADRE ABAD,AGUAYTIA,UCA,FL,AGUAYTIA,OLT_C610_AGUAYTIA_7,Overlay,ZTE,Z051,OLT_C610_AGUAYTIA_7,OLT_C610_AGUAYTIA_7,4.0
ANCASH,AIJA,AIJA,CTE,5D,AIJA,OLT_C610_AIJA_3,Overlay,ZTE,Z070,OLT_C610_AIJA_3,OLT_C610_AIJA_3,5.0
APURIMAC,ANTABAMBA,ANTABAMBA,APU,5M,ANTABAMBA,OLT_C610_ANTABAMBA_2,Overlay,ZTE,Z109,OLT_C610_ANTABAMBA_2,OLT_C610_ANTABAMBA_2,14.0
PIURA,AYABACA,AYABACA,PIU,FJ,AYABACA,OLT_C610_AYABACA_3,Overlay,ZTE,Z062,OLT_C610_AYABACA_3,OLT_C610_AYABACA_3,6.0
LA LIBERTAD,BOLIVAR,BOLIVAR,TRU,7A,BOLIVAR,OLT_C610_BOLIVAR,Overlay,ZTE,Z114,OLT_C610_BOLIVAR,OLT_C610_BOLIVAR,7.0
ANCASH,PALLASCA,CABANA,CTE,,CABANA,OLT_C610_CABANA_2,Overlay,ZTE,Z094,,,
LIMA,CAJATAMBO,CAJATAMBO,LIM,7F,CAJATAMBO,OLT_C610_CAJATAMBO_1,Overlay,ZTE,Z091,OLT_C610_CAJATAMBO_1,OLT_C610_CAJATAMBO_1,7.0
TACNA,CANDARAVE,CANDARAVE,TAC,7Q,CANDARAVE,OLT_C610_CANDARAVE_1,Overlay,ZTE,Z092,OLT_C610_CANDARAVE_1,OLT_C610_CANDARAVE_1,7.0
AYACUCHO,CANGALLO,CANGALLO,AYA,5T,CANGALLO,OLT_C610_CANGALLO_2,Overlay,ZTE,Z085,OLT_C610_CANGALLO_2,OLT_C610_CANGALLO_2,15.0
ANCASH,HUAYLAS,CARAZ,CTE,,CARAZ,OLT_C610_CARAZ_6,Overlay,ZTE,Z053,,,
LA LIBERTAD,GRAN CHIMU,CASCAS,TRU,7B,CASCAS,OLT_C610_CASCAS_1,Overlay,ZTE,Z115,OLT_C610_CASCAS_1,OLT_C610_CASCAS_1,7.0
HUANCAVELICA,CASTROVIRREYNA,CASTROVIRREYNA,HCV,6P,CASTROVIRREYNA,OLT_C610_CASTROVIRREYNA_2,Overlay,ZTE,Z084,OLT_C610_CASTROVIRREYNA_2,OLT_C610_CASTROVIRREYNA_2,1.0
CAJAMARCA,CELENDIN,CELENDIN,CAJ,FH,CELENDIN,OLT_C610_CELENDIN_6,Overlay,ZTE,Z057,OLT_C610_CELENDIN_6,OLT_C610_CELENDIN_6,1.0
ANCASH,ASUNCION,CHACAS,CTE,5F,CHACAS,OLT_C610_CHACAS_1,Overlay,ZTE,Z124,OLT_C610_CHACAS_1,OLT_C610_CHACAS_1,8.0
APURIMAC,AYMARAES,CHALHUANCA,APU,FN,CHALHUANCA,OLT_C610_CHALHUANCA_2,Overlay,ZTE,Z064,OLT_C610_CHALHUANCA_2,OLT_C610_CHALHUANCA_2,4.0
HUANUCO,YAROVILCA,CHAVINILLO,HNC,QF,CHAVINILLO,OLT_C610_CHAVINILLO_1,Overlay,ZTE,Z059,OLT_C610_CHAVINILLO_1,OLT_C610_CHAVINILLO_1,6.0
APURIMAC,CHINCHEROS,CHINCHEROS,APU,5N,CHINCHEROS,OLT_C610_CHINCHEROS_2,Overlay,ZTE,Z125,OLT_C610_CHINCHEROS_2,OLT_C610_CHINCHEROS_2,7.0
ANCASH,BOLOGNESI,CHIQUIAN,CTE,FA,CHIQUIAN,OLT_C610_CHIQUIAN_4,Overlay,ZTE,Z061,OLT_C610_CHIQUIAN_4,OLT_C610_CHIQUIAN_4,2.0
AREQUIPA,CAYLLOMA,CHIVAY,ARE,AZ,CHIVAY,OLT_C610_CHIVAY_3,Overlay,ZTE,Z065,OLT_C610_CHIVAY_3,OLT_C610_CHIVAY_3,9.0
AREQUIPA,CONDESUYOS,CHUQUIBAMBA,ARE,5R,CHUQUIBAMBA,OLT_C610_CHUQUIBAMBA_4,Overlay,ZTE,Z075,OLT_C610_CHUQUIBAMBA_4,OLT_C610_CHUQUIBAMBA_4,1.0
APURIMAC,GRAU,CHUQUIBAMBILLA,APU,5P,CHUQUIBAMBILLA,OLT_C610_CHUQUIBAMBILLA_2,Overlay,ZTE,Z119,OLT_C610_CHUQUIBAMBILLA_2,OLT_C610_CHUQUIBAMBILLA_2,6.0
HUANCAVELICA,CHURCAMPA,CHURCAMPA,HCV,6Q,CHURCAMPA,OLT_C610_CHURCAMPA_3,Overlay,ZTE,Z078,OLT_C610_CHURCAMPA_3,OLT_C610_CHURCAMPA_3,3.0
CAJAMARCA,CONTUMAZA,CONTUMAZA,CAJ,5Z,COTUMAZA,OLT_C610_CONTUMAZA_1,Overlay,ZTE,Z108,OLT_C610_CONTUMAZA_1,OLT_C610_CONTUMAZA_1,13.0
ANCASH,CORONGO,CORONGO,CTE,5G,CORONGO,OLT_C610_CORONGO_2,Overlay,ZTE,Z066,OLT_C610_CORONGO_2,OLT_C610_CORONGO_2,2.0
AREQUIPA,LA UNION,COTAHUASI,ARE,5S,COTAHUASI,OLT_C610_COTAHUASI_2,Overlay,ZTE,Z093,OLT_C610_COTAHUASI_2,OLT_C610_COTAHUASI_2,6.0
HUANUCO,HUACAYBAMBA,HUACAYBAMBA,HNC,6T,HUACAYBAMBA,OLT_C610_HUACAYBAMBA_1,Overlay,ZTE,Z132,OLT_C610_HUACAYBAMBA_1,OLT_C610_HUACAYBAMBA_1,8.0
HUANUCO,MARAÃƒâ€˜ON,HUACRACHUCO,HNC,6W,HUACRACHUCO,OLT_C610_HUACRACHUCO_1,Overlay,ZTE,Z113,OLT_C610_HUACRACHUCO_1,OLT_C610_HUACRACHUCO_1,2.0
AYACUCHO,HUANCASANCOS,HUANCASANCOS,AYA,5V,HUANCASANCOS,OLT_C610_HUANCA_SANCOS_2,Overlay,ZTE,Z095,OLT_C610_HUANCA_SANCOS_2,OLT_C610_HUANCA_SANCOS_2,2.0
PIURA,HUANCABAMBA,HUANCABAMBA,PIU,EF,HUANCABAMBA,OLT_C610_HUANCABAMBA_4,Overlay,ZTE,Z063,OLT_C610_HUANCABAMBA_4,OLT_C610_HUANCABAMBA_4,3.0
PUNO,HUANCANE,HUANCANE,PUN,FQ,HUANCANE,OLT_C610_HUANCANE_5,Overlay,ZTE,Z052,OLT_C610_HUANCANE_5,OLT_C610_HUANCANE_5,1.0
ANCASH,HUARI,HUARI,CTE,FO,HUARI,OLT_C610_HUARI_4,Overlay,ZTE,Z058,OLT_C610_HUARI_4,OLT_C610_HUARI_4,5.0
